{
	"HUMAN_RADIANT":{
		"mode":"QUAD_STRIP", # PARTICLES or QUAD_STRIP, determines which params are used
		"engineColor":[255,100,100,255],
		"contrailDuration":1.5,
		"contrailWidthMult":0.9,
		"contrailParticleSizeMult":8,
		"contrailParticleDuration":2,
		"contrailParticleFinalSizeMult":1,
		"contrailMaxSpeedMult":0.5f,
		"contrailAngularVelocityMult":0f,
		"contrailColor":[255,100,100,25],
		"glowSizeMult":1.5,
		"glowAlternateColor":[255,0,0,255],
		"type":"GLOW" # GLOW or SMOKE
	},
	
	"HUMAN_RADIANT2":{
		"mode":"QUAD_STRIP", # PARTICLES or QUAD_STRIP, determines which params are used
		"contrailDuration":1.5,
		"contrailWidthMult":0.67,
		"contrailWidthAddedFractionAtEnd":-1f,  # can be negative. makes trail spread out/narrow at the end
		"contrailMinSeg":5, # min segment length, in pixels
		"contrailMaxSpeedMult":1f,
		"contrailAngularVelocityMult":0f,
		"contrailColor":[50,50,255,75],
		"type":"GLOW", # GLOW or SMOKE; additive or regular blend mode
						
		"glowSprite":"graphics/fx/engineglow32b.png",
		"glowOutline":"graphics/fx/engineflame32b.png",
		"omegaMode":true,
		"glowSizeMult":1.75,
		"glowAlternateColor":[50,50,255,255],
		"engineColor":[150,50,255,255],
		

		#"glowAlternateColor":[200,100,170,175],
		
		#WOGH
		#"contrailDuration":1.0,
		#"contrailWidthMult":0.67,
		#"contrailWidthAddedFractionAtEnd":-1f,  # can be negative. makes trail spread out/narrow at the end
		#"contrailMinSeg":5, # min segment length, in pixels
		#"contrailMaxSpeedMult":1f,
		#"contrailAngularVelocityMult":0.2f,
		#"contrailColor":[255,150,220,255],
		#"type":"GLOW", # GLOW or SMOKE; additive or regular blend mode
	},
}

	#"COBRA_BOMBER":{
	#	"engineColor":[255,100,100,255],
	#	"contrailParticleSizeMult":8,
	#	"contrailParticleDuration":2,
	#	"contrailParticleFinalSizeMult":1,
	#	"contrailMaxSpeedMult":0.5f,
	#	"contrailAngularVelocityMult":0f,
	#	"contrailColor":[255,100,100,25],
	#	"glowSizeMult":3.5,
	#	"glowAlternateColor":[255,0,0,255],
	#	"type":"GLOW" # GLOW or SMOKE
	#},
	
	#"OMEGA":{
	#	"mode":"QUAD_STRIP", # PARTICLES or QUAD_STRIP, determines which params are used
	#	"contrailDuration":1.5,
	#	"contrailWidthMult":0.67,
	#	"contrailWidthAddedFractionAtEnd":-1f,  # can be negative. makes trail spread out/narrow at the end
	#	"contrailMinSeg":5, # min segment length, in pixels
	#	"contrailMaxSpeedMult":1f,
	#	"contrailAngularVelocityMult":0f,
	#	"contrailColor":[50,50,255,75],
	#	"type":"GLOW", # GLOW or SMOKE; additive or regular blend mode
	#					
	#	"glowSprite":"graphics/fx/engineglow32b.png",
	#	"glowOutline":"graphics/fx/engineflame32b.png",
	#	"omegaMode":true,
	#	"glowSizeMult":1,
	#	"glowAlternateColor":[50,50,255,255],
	#	"engineColor":[150,50,255,255],
	#	
	#	#"contrailParticleSizeMult":4,
	#	#"contrailParticleDuration":1,
	#	#"contrailParticleFinalSizeMult":2.5,
	#	#"contrailMaxSpeedMult":0.5f,
	#	#"contrailAngularVelocityMult":0f,
	#	#"contrailColor":[100,165,255,25],
	#	#"contrailCampaignColor":[100,165,255,75],
	#	#"type":"GLOW" # GLOW or SMOKE
	#},	