{
	"HUMAN_RADIANT":{
		"hyperspaceJitterColor":[75,10,10,200],
		"baseCampaignExplosionColor":[100,165,255,255],
		"baseCombatExplosionColor":[100,165,255,255],
		#"fighterRepairFlickerColor":[100,165,255,255],
		#"fighterChipIconColor":[255,175,175,255],
		"weaponDisabledExplosionColor":[100,165,255,255],
		"shieldRingColor":[255,0,0,255],
		"shieldInnerColor":[100,0,215,150],
		"fluxVentCoreColor":[255,255,255,255],
		"fluxVentFringeColor":[255,0,0,255],
		
		#"colorShiftCovers":true,
		#"coversColorShiftAmount":0.9,  # 0 to 1
		#"coversMatchShipBrightness":true,
	},
}



