id,type,text1,text2,text3,text4,notes
HR_displacer,SHIP_SYSTEM,Teleports the ship forward in the direction it's traveling. The system slowly builds up to five charges which can then be expended in short order.,Movement,Teleports the ship forward in the direction it's traveling. The system can store up to three charges at once.,,
HR_radiant,SHIP,"A horrifying prototype Radiant, pilotable by human hands.

A remnant of the autonomous AI fleets developed by the Tri-Tachyon Corporation. Illegal under Domain (and Hegemony) law, and an abomination to the Church of Galactic Redemption, the First AI War saw these creations purged from the Sector. So the official histories say.

This Radiant battleship appears an outrageous black-red-purple design created by some unknwon naval architecture unit given special indulgence by a Tri-Tach VP's bloated grandiosity. Both the official and existing unofficial histories of the First AI War never mention this class of ship ever being produced because an integrated phase skimmer could never be stable on a ship of such size. Surely it would explode into an infinity of curiously whorled short-lived child-dimensions upon initiation of the first skip. 

Nonetheless, here it is.",,,,
HR_radiantblack,SHIP,"A horrifying prototype Radiant, pilotable by human hands.

A remnant of the autonomous AI fleets developed by the Tri-Tachyon Corporation. Illegal under Domain (and Hegemony) law, and an abomination to the Church of Galactic Redemption, the First AI War saw these creations purged from the Sector. So the official histories say.

This Radiant battleship appears an outrageous black design created by some unknwon naval architecture unit given special indulgence by a Tri-Tach VP's bloated grandiosity. Both the official and existing unofficial histories of the First AI War never mention this class of ship ever being produced because an integrated phase skimmer could never be stable on a ship of such size. Surely it would explode into an infinity of curiously whorled short-lived child-dimensions upon initiation of the first skip. 

Nonetheless, here it is.",,,,
